<?xml version="1.0" encoding="UTF-8"?>
<project-private xmlns="http://www.netbeans.org/ns/project-private/1">
    <editor-bookmarks xmlns="http://www.netbeans.org/ns/editor-bookmarks/2" lastBookmarkId="0"/>
    <open-files xmlns="http://www.netbeans.org/ns/projectui-open-files/2">
        <group>
            <file>file:/Users/the/NetBeansProjects/GreenTeam331/SnakesAndLadder/src/RMINetwork/RemoteImplementation.java</file>
            <file>file:/Users/the/NetBeansProjects/GreenTeam331/SnakesAndLadder/src/RMINetwork/RemoteInterface.java</file>
            <file>file:/Users/the/NetBeansProjects/GreenTeam331/SnakesAndLadder/src/StandaloneServer/RMIServer.java</file>
            <file>file:/Users/the/NetBeansProjects/GreenTeam331/SnakesAndLadder/src/RMINetwork/RMIClient.java</file>
        </group>
    </open-files>
</project-private>
